scenario_type,num_runs,mean_cost,std_cost,min_cost,max_cost,mean_shortage,mean_waste,mean_service_level
volatility,1750,205515.18885714284,248079.85389816365,25605.0,2897416.0,119.33314285714286,0.0,0.9529715698470141
shelf_life,330,88872.5,0.0,88872.5,88872.5,0.0,0.0,1.0
capacity,320,556814.6875,546786.7026343986,87525.0,1531000.0,517.5,0.0,0.7339331619537275
cost_sensitivity,679,73676.31811487481,35010.43123290552,-56925.0,89945.0,214.69072164948454,567.3048600883652,0.8896191662470517
