Mantagheh,jobs_grav,jobs_cumul30
بلاغی (دو),21269.255123825493,98994.44444444444
شیشه چی (یک),17729.017007175873,90208.88888888889
ملاصدرای جنوبی (شش),12497.000809619774,62102.857142857145
ملاصدرای شمالی (هفت),6670.242724842409,27025.0
نواب جنوبی (سه),20195.21250756006,111978.33333333333
نواب شمالی (چهار),14607.207451801803,72605.71428571429
کوثر (هشت),5352.867275192773,15837.5
یخچال (پنج),24138.883138090245,126391.11111111111
