scenario_type,num_runs,mean_cost,std_cost,min_cost,max_cost,mean_shortage,mean_waste,mean_service_level
volatility,2500,153863.2712,46046.193571284624,5562.0,409574.0,728.9332,0.0,0.36495512650518946
shelf_life,240,64891.666666666664,22960.935657073256,45950.0,110300.0,227.5,0.0,0.7941176470588237
capacity,200,107777.5,58144.09145049061,29250.0,195800.0,471.25,0.0,0.573529411764706
cost_sensitivity,420,24375.619047619046,24394.587879812425,-18340.0,103120.0,242.61904761904762,962.8571428571429,0.7804352510234863
